{
  "version": 3,
  "author": "Anonymous maker",
  "editor": "wokwi",
  "parts": [
    { "type": "wokwi-arduino-uno", "id": "uno", "top": -9, "left": 9, "attrs": {} },
    { "type": "wokwi-led", "id": "led1", "top": -234, "left": 61.4, "attrs": { "color": "red" } },
    { "type": "wokwi-led", "id": "led2", "top": -234, "left": 224.6, "attrs": { "color": "red" } },
    { "type": "wokwi-led", "id": "led3", "top": -234, "left": 109.4, "attrs": { "color": "red" } },
    { "type": "wokwi-led", "id": "led4", "top": -234, "left": 176.6, "attrs": { "color": "red" } },
    {
      "type": "wokwi-resistor",
      "id": "r1",
      "top": -102.2,
      "left": 219.95,
      "rotate": 270,
      "attrs": { "value": "5000" }
    },
    {
      "type": "wokwi-resistor",
      "id": "r2",
      "top": -110.4,
      "left": 57.05,
      "rotate": 90,
      "attrs": { "value": "5000" }
    },
    {
      "type": "wokwi-resistor",
      "id": "r3",
      "top": -120,
      "left": 105.05,
      "rotate": 90,
      "attrs": { "value": "5000" }
    },
    {
      "type": "wokwi-resistor",
      "id": "r4",
      "top": -100.8,
      "left": 172.25,
      "rotate": 90,
      "attrs": { "value": "5000" }
    },
    { "type": "wokwi-led", "id": "led5", "top": -234, "left": 13.4, "attrs": { "color": "red" } },
    {
      "type": "wokwi-resistor",
      "id": "r5",
      "top": -100.8,
      "left": 9.05,
      "rotate": 90,
      "attrs": { "value": "5000" }
    }
  ],
  "connections": [
    [ "r1:1", "uno:9", "green", [ "h-76.8", "v0", "h-0.8" ] ],
    [ "uno:10", "r4:2", "green", [ "v-57", "h19.3" ] ],
    [ "r3:2", "uno:11", "green", [ "h0" ] ],
    [ "r2:2", "uno:12", "green", [ "h0" ] ],
    [ "led1:A", "r2:1", "green", [ "v0" ] ],
    [ "led3:A", "r3:1", "green", [ "v0" ] ],
    [ "led4:A", "r4:1", "green", [ "v0" ] ],
    [ "led2:A", "r1:2", "green", [ "v0" ] ],
    [ "led2:C", "uno:GND.1", "green", [ "v172.8", "h-115.1" ] ],
    [ "led3:C", "uno:GND.1", "green", [ "h0.4", "v172.8", "h-0.3" ] ],
    [ "led1:C", "uno:GND.1", "green", [ "v172.8", "h48.1" ] ],
    [ "led5:A", "r5:1", "green", [ "v0" ] ],
    [ "r5:2", "uno:13", "green", [ "h0" ] ],
    [ "led5:C", "uno:GND.1", "green", [ "h0.4", "v172.8", "h95.7" ] ],
    [ "led4:C", "uno:GND.1", "green", [ "v182.4", "h-67.1" ] ]
  ],
  "dependencies": {}
}